<colors>
	<color name="white">FFe5e5e5</color>
	<color name="white2">FFe5e5e5</color>
	<color name="grey">AAFFFFFF</color>
	<color name="grey2">FF999999</color>
	<color name="grey3">FFfa381d</color>
	<color name="grey4">FF404040</color>
	<color name="black">FF000000</color>
	<color name="blue">FFee4846</color>
	<color name="selected">FFee4846</color>
	<color name="invalid">FFFF0000</color>
	<color name="themecolor">FFee4846</color>
	<color name="themecolor_transparent">88ee4846</color>
	<color name="ICS_Blue_Text">ff33B5E5</color>
	<color name="ICS_Blue_Textures">ff0099CC</color>
	<color name="dialogheader">FF606060</color>
	<color name="labelheader">FFee4846</color>
	<color name="shadow">AA000000</color>
</colors>