<?xml version="1.0" encoding="UTF-8" standalone="yes"?>
<addon id="plugin.video.TheJukeBox" name="[COLOR red]T[/COLOR][COLOR white]he[/COLOR] [COLOR red]J[/COLOR][COLOR white]ukeBox[/COLOR]" version="2.0.0" provider-name="Goliath">
  <requires>
    <import addon="xbmc.python" version="2.1.0"/>
    <import addon="script.module.simplejson" version="3.3.0"/>
    <import addon="script.module.urlresolver"  version="2.1.2"/>
    <import addon="script.module.liveresolver" version="0.1.24"/>
    <import addon="script.common.plugin.cache" version="2.5.2"/>
    
    <import addon="script.module.metahandler" version="2.5.1"/>
    <import addon="plugin.video.youtube" optional="true" />
  </requires>
  <extension point="xbmc.python.pluginsource" library="default.py">
        <provides>video</provides>
  </extension>
  <extension point="xbmc.addon.metadata">
    <summary lang="en">Music Genres brought to you by Goliath</summary>
    <description lang="en">Any problems or want to request anything please let me know on twitter @Goliath_Evolve</description>
    <platform>all</platform>
  </extension>
</addon>
